title,description,published date,url,publisher
Jim Cramer Reveals Why Apple (AAPL) Stock is Struggling - Yahoo Finance,Jim Cramer Reveals Why Apple (AAPL) Stock is Struggling  Yahoo Finance,"Sat, 24 Jan 2026 08:00:00 GMT",https://news.google.com/rss/articles/CBMif0FVX3lxTE1SdFVoRUQ3WjRST21saXpCVkF0QzRuaHFXWE4tdy1KSTdIWWI1aHJLSE56WjljblA4ejJmQXpEQXRBS0JoazFKUmFNVlJaN1V1aUlTaXZRQUF4bFpYOFc4N2txRFFtUFlyelZET3BOVkY4UTBkdzFzRERDRmlZVDg?oc=5&hl=en-IN&gl=IN&ceid=IN:en,"{'href': 'https://finance.yahoo.com', 'title': 'Yahoo Finance'}"
Apple (AAPL) is a Top-Ranked Growth Stock: Should You Buy? - Nasdaq,Apple (AAPL) is a Top-Ranked Growth Stock: Should You Buy?  Nasdaq,"Thu, 19 Feb 2026 14:45:00 GMT",https://news.google.com/rss/articles/CBMiiAFBVV95cUxQM3lwUGNqTEFPZTJPMmN4amJpV0oyaEZueUllX0FWNHpFblIxNFdTNGJLeU91QVd4V0I4V1k3Z2VoSjFEQWw3YUlNSU83TEFZRTRWU3JuRkFsVXBKYjR1YmR1WW9ma2hQekgtcWo0T0pkUC1waXBUOHcwQnBEWWt4d2JNYXhqN2tB?oc=5&hl=en-IN&gl=IN&ceid=IN:en,"{'href': 'https://www.nasdaq.com', 'title': 'Nasdaq'}"
Apple Stock Forecast: Did record Q1 2026 earnings lift targets? - Capital.com,Apple Stock Forecast: Did record Q1 2026 earnings lift targets?  Capital.com,"Fri, 20 Feb 2026 14:46:23 GMT",https://news.google.com/rss/articles/CBMifkFVX3lxTE5VeG5lY2I4SHNJVGJjWENscHZfZ2ltMHBTR3R0eE9FaFdiRGxJVXdTUWVMM05iRF8tNDlOZ0plWHVhVWJVZ1B4UWE2c09HZnlSMWhXNkY0Tm94MEV5ekRkNEhKVGE5VVc4UzZKUzBHMGI2RW9SQmlabXBqY1l2dw?oc=5&hl=en-IN&gl=IN&ceid=IN:en,"{'href': 'https://capital.com', 'title': 'Capital.com'}"
"Buy the Dip in Apple Stock Before January 29, According to Goldman Sachs - Barchart.com","Buy the Dip in Apple Stock Before January 29, According to Goldman Sachs  Barchart.com","Fri, 23 Jan 2026 08:00:00 GMT",https://news.google.com/rss/articles/CBMitwFBVV95cUxPV1BjS2Y0dnNSZkxNa2tMX3U2ZXJHdjhwaUpkM1M1anRKNG5mNU1NOUJLQ3IwQ1kzeW9YYkxudVNnZDVXdnBhODh1Z21mLTJ3MzhSMkR4QVFPMlh1a0J1UjRjOTY2VnhrbU1RT2dzTTlTZDA1NnhVTTFPRW52SnhiRVVtVkVreVNPd3ZWUFJZVUJtOHVKdlRzWlhJcUJkR0JRVVBHM3E1bTRqcHhUMVVDNFhRc2JZbEE?oc=5&hl=en-IN&gl=IN&ceid=IN:en,"{'href': 'https://www.barchart.com', 'title': 'Barchart.com'}"
Apple Beats Tech Stocks by Most in a Year as It Avoids AI Panic - Bloomberg.com,Apple Beats Tech Stocks by Most in a Year as It Avoids AI Panic  Bloomberg.com,"Wed, 04 Feb 2026 08:00:00 GMT",https://news.google.com/rss/articles/CBMitAFBVV95cUxPRDg3U3RBZldaTDFLTlFvM2R3QkMtQXVfMnRZRlRsWlZ6Sk4xLWVKNk43Tzl3ZlpncEdkenJpUkV5Q2stTllHQlhNMGhEY3d0dmlkS3hpNVRNb2o2ME8yUUgtVUxFUXlsLVhvUHlzUU5HOFJ3LTdkR1hyS0p2QVZBRWd3NWZUOGFKMnpxV21KZExzNmItdV96bFh1NTlqSE51bkRKZUtvaHduUXFpY0ZsYTNoUDE?oc=5&hl=en-IN&gl=IN&ceid=IN:en,"{'href': 'https://www.bloomberg.com', 'title': 'Bloomberg.com'}"
"Buy, Sell or Hold the Apple Stock? Key Tips Ahead of Q1 Earnings - Zacks Investment Research","Buy, Sell or Hold the Apple Stock? Key Tips Ahead of Q1 Earnings  Zacks Investment Research","Tue, 27 Jan 2026 08:00:00 GMT",https://news.google.com/rss/articles/CBMipgFBVV95cUxOSV81dW5xdVVNUXVZTEpBWEVCWEswaXFCNTRndXA5VHE4VzVGTnF3OXk5ajNnX2EwUGJpM3Z0SC1zem1IRV9RNnFqQzdzdldkbk84ZWVCLVNGV1I5V184OUl1RmRYWWRrV2JNMVdxM2lEMXBlQzhvcWFKX0VNVXpRTVB4ckNvajUxRGQtazFNRGdVTlBrUmtlVnJhV2NZRDhDVTdLb2tB?oc=5&hl=en-IN&gl=IN&ceid=IN:en,"{'href': 'https://www.zacks.com', 'title': 'Zacks Investment Research'}"
"AAPL Apple Inc. (NASDAQ) 28 Jan 2026: AAPL stock at $256.44 as earnings loom, watch guidance - Meyka","AAPL Apple Inc. (NASDAQ) 28 Jan 2026: AAPL stock at $256.44 as earnings loom, watch guidance  Meyka","Thu, 29 Jan 2026 08:00:00 GMT",https://news.google.com/rss/articles/CBMitAFBVV95cUxPa3Y0NWlNSHZWMVJ0Q1pRQ2MteHg3dy1oNzhEbU9OWmJHX3BkNnFPTkxoZU9OYXh5dTQtdUx1ODhHSS1vSU1EeUZYYzJCMW9VbUR4YnJQV2lnQlFkSnRVSFlmLTdfNDIxVldvMkc4RFF2WnhBZG82b1JnLXl5YWdNaEFrUmZuQnZycC1sMjIzNzMya21lRHFPdVM3U0xWWTJjNEEzdjZaNmxZR2p0ZmFIQXRNUUE?oc=5&hl=en-IN&gl=IN&ceid=IN:en,"{'href': 'https://meyka.com', 'title': 'Meyka'}"
"Apple: Q1 Results Could Trigger A Price Reversal, But Buy Regardless (NASDAQ:AAPL) - Seeking Alpha","Apple: Q1 Results Could Trigger A Price Reversal, But Buy Regardless (NASDAQ:AAPL)  Seeking Alpha","Mon, 26 Jan 2026 08:00:00 GMT",https://news.google.com/rss/articles/CBMisgFBVV95cUxPOWVaNk4tdWZwWUhhWmtybkhaNVhFc3VYbTI5S3FFbklYR3FlalpPRk9aNVRTMHZJdEF5OVR1M1l1cTVES3VPajNuZU5Tc0dYT1pqN3EwazFzWU9kQnc0c0xpRUhBbkpsazZOUnNVN2lRRm92bEVmMmxYamZaQVRaSlVRZlJfMElyMlJjR0dYTzktUHZrNERMdmc0U3M3ZFh5MWg3Uzk0Ti1RQW8zNzR1Zl93?oc=5&hl=en-IN&gl=IN&ceid=IN:en,"{'href': 'https://seekingalpha.com', 'title': 'Seeking Alpha'}"
Apple sales surge 16% on ‘staggering’ iPhone demand - CNBC,Apple sales surge 16% on ‘staggering’ iPhone demand  CNBC,"Thu, 29 Jan 2026 08:00:00 GMT",https://news.google.com/rss/articles/CBMie0FVX3lxTE1EaDg5cjd2YUVaa1h2X1BSSld6V09DQkM2eWhUQ1ZheWFmNF94X1N0TnRJT01UQzRFSmZPTjZxYVVNZXJla1phbThEcHp2NXM3NjNpaXV0OWFtdVhnMjB4bFVNLWRpYUVLOUttbEhrTFp0ZDQ1VWtpQUR1SdIBgAFBVV95cUxQclM4dnVVR3BfUnR1UHFjNWtOY0gyd3lKUkQtWk5xa2VCVkpENlE2RURIMTY2X0dJdlZzMDgzMG1rRzBtUHZGMGlaWlU5VDQybTdxaTkzb0d1dllfTS1ITFMyamtFeEUxdGxCYTdad3dVQzd6QVh2MjZ3LUJXbkZKVA?oc=5&hl=en-IN&gl=IN&ceid=IN:en,"{'href': 'https://www.cnbc.com', 'title': 'CNBC'}"
Here is What to Know Beyond Why Apple Inc. (AAPL) is a Trending Stock - Yahoo Finance,Here is What to Know Beyond Why Apple Inc. (AAPL) is a Trending Stock  Yahoo Finance,"Mon, 16 Feb 2026 14:00:01 GMT",https://news.google.com/rss/articles/CBMie0FVX3lxTE1DV3NXS0NHZjZGQ251V0lEa2gtNjRVX0xYTkFBSzIwTldjTF8zVDl4UUhfSHU3OVdmckVzSk9iMEN0T1k1MGJKN3d2S3hDT1o3RlJBbThicXJOWnNJOFlMVzl1Z1I1aExVdkcxcndtQkhxN0RDc0ZYbU1GTQ?oc=5&hl=en-IN&gl=IN&ceid=IN:en,"{'href': 'https://finance.yahoo.com', 'title': 'Yahoo Finance'}"
"Apple Decouples From Nasdaq, Offering Alternative to AI-Fueled Volatility - Bloomberg.com","Apple Decouples From Nasdaq, Offering Alternative to AI-Fueled Volatility  Bloomberg.com","Wed, 18 Feb 2026 14:40:17 GMT",https://news.google.com/rss/articles/CBMirwFBVV95cUxNY3NUZDdJaHQ3dnJzVUhoc1UwYmNSVkMtVmF4NUlrenFrMERNa2NMMC0wUEc0RVgxYmpNazRjV2JxQ0RydXBpWWNCOUc2M2lFd2FfelpEUm5QcFVfaTB1UE1hUjhLT3Jqci1GWk5wek9CQnB2SmU4aUJkQjFYQXNISW5FaC1EdkJTNlpCd2w2dlB0ZmJLT191dVR1Tk5aMWYwQkRiUVFFTmFYX0J3M253?oc=5&hl=en-IN&gl=IN&ceid=IN:en,"{'href': 'https://www.bloomberg.com', 'title': 'Bloomberg.com'}"
Is Trending Stock Apple Inc. (AAPL) a Buy Now? - Yahoo Finance,Is Trending Stock Apple Inc. (AAPL) a Buy Now?  Yahoo Finance,"Tue, 03 Feb 2026 08:00:00 GMT",https://news.google.com/rss/articles/CBMigAFBVV95cUxQRkwxUXROUzdCR2MxUkNhdVIxUWdyMy1PTTVLZ3JULWxvZlBuZGRndUt3ZjdQeGl0aTRxRDRpRDUzb3U2c2FlQzRkdnRkQVBQeEdReGV0ZVNlSkJobGgtVm5nMnEzdVB2clROZS15d0Q3bEVwcHRRUzdBRExiTnNCOA?oc=5&hl=en-IN&gl=IN&ceid=IN:en,"{'href': 'https://finance.yahoo.com', 'title': 'Yahoo Finance'}"
"Buy, Sell or Hold the Apple Stock? Key Tips Ahead of Q1 Earnings - Yahoo Finance","Buy, Sell or Hold the Apple Stock? Key Tips Ahead of Q1 Earnings  Yahoo Finance","Tue, 27 Jan 2026 08:00:00 GMT",https://news.google.com/rss/articles/CBMie0FVX3lxTE1oc2s0Q01yMlBMVk8wREtSZVJEVzFsWkNsbW9LanotY1FMeFhFUXVlQ0xocmRqWk5GYzR3bm9mSGFwLUZrN0F2TUhSUHAzbnlUVVVOMGRlTE9hS3B5UjNfdWJBVXlRM1BfME5xcFg0T2V6czNscmVWNmtBYw?oc=5&hl=en-IN&gl=IN&ceid=IN:en,"{'href': 'https://finance.yahoo.com', 'title': 'Yahoo Finance'}"
Apple 'Selling Its Soul To The Devil'? Analyst Says Partnering With Alphabet Limits AI Upside - Yahoo Finance,Apple 'Selling Its Soul To The Devil'? Analyst Says Partnering With Alphabet Limits AI Upside  Yahoo Finance,"Mon, 02 Feb 2026 08:00:00 GMT",https://news.google.com/rss/articles/CBMihAFBVV95cUxQVzI0VTFvS2RvbGt4LXlFRUNiMEFUYmZWLUF2UHVVQ09tUDJaZEtZd3NwWnpvbFhBOVV2RVk1d0Y5RFFOUE5CNUlFVE9Qczd6S2tKVFdlNWtGcy1LaUUzNlh4anBoOEtSWWgydWNHa2NpaEZKSkpTYlFTbkx6dnNnbHN1dTk?oc=5&hl=en-IN&gl=IN&ceid=IN:en,"{'href': 'https://finance.yahoo.com', 'title': 'Yahoo Finance'}"
Is Apple Stock A Buy Ahead of Q1 Earnings on Jan. 29? - Yahoo Finance,Is Apple Stock A Buy Ahead of Q1 Earnings on Jan. 29?  Yahoo Finance,"Wed, 28 Jan 2026 08:00:00 GMT",https://news.google.com/rss/articles/CBMiekFVX3lxTE9iN292WEFETTNrQUcxMEJ2NVl5dVN4UXZGSDQ2RmJYbW5vdnhpSEFZTlpVUHUwM0h2Y2VndW5pSDNydUdwMUhGbmVyS29Uelo0SW1iTlg4V2NWMFlhdklxcEZGbXN3S0dhWm84Tm5XOHk0czZfT2FHT2ZB?oc=5&hl=en-IN&gl=IN&ceid=IN:en,"{'href': 'https://finance.yahoo.com', 'title': 'Yahoo Finance'}"
Morgan Stanley and JPMorgan Bullish on Apple Inc. (AAPL) on Strong iPhone 17 Demand - Yahoo Finance,Morgan Stanley and JPMorgan Bullish on Apple Inc. (AAPL) on Strong iPhone 17 Demand  Yahoo Finance,"Sun, 01 Feb 2026 08:00:00 GMT",https://news.google.com/rss/articles/CBMiiwFBVV95cUxQRzhsNk8xZzUwSXpIcmEtajhNelFaM25WNklEN2hXNERVRHJRajNURUJLOENieUF6akZ3X0Iwd0RGY3ZZbnlnY0V5THdVeGVuWG5HTTN0bmI4MDJJTWpBOHZRZUNCX25XQWhydThEelJlNnlXMnNrSURIYUMzUTYyNTZZaE5ldThpWHpB?oc=5&hl=en-IN&gl=IN&ceid=IN:en,"{'href': 'https://finance.yahoo.com', 'title': 'Yahoo Finance'}"
Should You 'Buy' or 'Sell' Apple Stock Ahead of Q1 Earnings - Yahoo Finance,Should You 'Buy' or 'Sell' Apple Stock Ahead of Q1 Earnings  Yahoo Finance,"Mon, 26 Jan 2026 08:00:00 GMT",https://news.google.com/rss/articles/CBMifEFVX3lxTE1ENlc4ZlJkdThQUDlfWHBJQ2I5bWVTWGNrRG95aVJwcGp5WkI0aDJvQWxWMThaOEZ4ejB3YUR5UXhKVFhONU9wSlZmYUV5LXJvNWx5ZUVIYTNKYjlTbkg4bUFOcEd2WThWR3Jac2pMUkNNZ1pNZFRtZWJuRE8?oc=5&hl=en-IN&gl=IN&ceid=IN:en,"{'href': 'https://finance.yahoo.com', 'title': 'Yahoo Finance'}"
Here's Why Apple’s Stock Dropped 5% Today - Yahoo Finance,Here's Why Apple’s Stock Dropped 5% Today  Yahoo Finance,"Thu, 12 Feb 2026 08:00:00 GMT",https://news.google.com/rss/articles/CBMigAFBVV95cUxPMTFWTUp4c1R5MWVNUTZfelVOaVh2YWhIUUpCdEpybENTOV9Pak5xWUc2T1BRblZvWEFneGczNHhLYTBubFppS0tpcVdxT3JLSy1SVUNrWXNSdmJrbGtMSHNjX1BCRXhqSWVZUk9VLUk2c1ZhcmRRX2hBUlN5Y1lZYQ?oc=5&hl=en-IN&gl=IN&ceid=IN:en,"{'href': 'https://finance.yahoo.com', 'title': 'Yahoo Finance'}"
"Apple stock struggles from Siri delay, Rivian rips higher - Yahoo Finance","Apple stock struggles from Siri delay, Rivian rips higher  Yahoo Finance","Fri, 13 Feb 2026 08:00:00 GMT",https://news.google.com/rss/articles/CBMihgFBVV95cUxPb3dGSWZpM0o4bTNwMENRYjZpUFhDdE5TYXhDNk92WWhnMmpPcC1YSUtHeU8zNUFGY3BTckdxSG12VXNPX0dZdlVyLVlwX01ZNnUyM1c3UTFuZExKLVhJSmpoRjV3NExYNFNYZmZSWk5rd0c0Unp3MVFsRGpISzhpaVF6TkV3dw?oc=5&hl=en-IN&gl=IN&ceid=IN:en,"{'href': 'https://finance.yahoo.com', 'title': 'Yahoo Finance'}"
Apple Results to Give Clues on How Hard Memory Prices Are Biting - Bloomberg.com,Apple Results to Give Clues on How Hard Memory Prices Are Biting  Bloomberg.com,"Thu, 29 Jan 2026 08:00:00 GMT",https://news.google.com/rss/articles/CBMitgFBVV95cUxNUTFuSXdmUDM3YXVkV3Q5T21neVliN2dIcHJoQnp3dUxpSUZ6RFUzeFo4MVNfSnVPbjBBdEJDakpENi12UTJvdXJkeDBOcHFnQjdnVkxmS2RfMVpSWmhTT25yWnN5UTktU3IzTXM5MHlJRWFlV0thQXBHRXN3U01CYzN2MktIaW5iT1dQdk51eFBsOEpzUlF5OVl0aXh0QWpzMk5hZV9nRHpBT1FUTHduZEh1TDdMZw?oc=5&hl=en-IN&gl=IN&ceid=IN:en,"{'href': 'https://www.bloomberg.com', 'title': 'Bloomberg.com'}"
